{"center":[0,0,0],"zmin":0.01,"zmax":50000000000,"camera":[-0.17446272966747917,0,-4.996955045161139],"cameraRotation":[3.141592653589793,-0.03489963215251367,0],"cameraUp":[0,-1,0],"quaternion":[0,0.9998477558226575,0,-0.017448930522970807],"startFly":false,"startVR":false,"startColumnDensity":false,"startTween":true,"friction":0.1,"stereo":false,"stereoSep":0.06,"decimate":"1.0","maxVrange":2000,"minPointScale":0.01,"maxPointScale":10,"showFPS":true,"showMemoryUsage":true,"memoryLimit":2000000000,"GUIExcludeList":[],"collapseGUIAtStart":true,"UIparticle":{},"UIdropdown":{},"UIcolorPicker":{},"showParts":{"core":true,"mantle":false,"water":true,"atmosphere":true},"sizeMult":{"core":0.004,"mantle":0.0008,"water":0.0034,"atmosphere":0.0071},"color":{"core":[0.9450980392156862,0.1843137254901961,0.03137254901960784,1],"mantle":[0.6078431372549019,0.9137254901960784,0.611764705882353,1],"water":[0.13725490196078433,0.3843137254901961,0.8941176470588236,1],"atmosphere":[0.5176470588235295,0.5019607843137255,0.796078431372549,0.779]},"plotNmax":{"core":538857,"mantle":1262123,"water":456628,"atmosphere":91584},"showVel":{"core":false,"mantle":false,"water":false,"atmosphere":false},"velType":{"core":"line","mantle":"line","water":"line","atmosphere":"line"},"velVectorWidth":{"core":1,"mantle":1,"water":1,"atmosphere":1},"velGradient":{"core":0,"mantle":0,"water":0,"atmosphere":0},"animateVel":{"core":false,"mantle":false,"water":false,"atmosphere":false},"animateVelDt":{},"animateVelTmax":{},"filterLims":{"core":{"Internal energy":[6.207521842956543,6.853660179138184],"Temperature":[7.6882509460449215,9.284251762390136],"Velocity":[87.11791174316406,3743.61183984375]},"mantle":{"Internal energy":[6.46561376953125,7.717936588287354],"Temperature":[7.6697758903503415,10.157960487365722],"Velocity":[332.7357553710938,9006.2431875]},"water":{"Internal energy":[6.095821784973144,8.196874214172363],"Temperature":[5.930303977966308,11.004934860229492],"Velocity":[76.70902197265625,10409.0390859375]},"atmosphere":{"Internal energy":[5.6112550964355465,11.57911164855957],"Temperature":[3.854876684188843,12.283680511474609],"Velocity":[18.027480529785155,25204.444359375]}},"filterVals":{"core":{"Internal energy":[6.207521842956543,6.853660179138184],"Temperature":[7.6882509460449215,9.284251762390136],"Velocity":[87.11791174316406,3743.61183984375]},"mantle":{"Internal energy":[6.46561376953125,7.717936588287354],"Temperature":[7.6697758903503415,10.157960487365722],"Velocity":[332.7357553710938,9006.2431875]},"water":{"Internal energy":[6.095821784973144,8.196874214172363],"Temperature":[5.930303977966308,11.004934860229492],"Velocity":[76.70902197265625,10409.0390859375]},"atmosphere":{"Internal energy":[5.6112550964355465,11.57911164855957],"Temperature":[3.854876684188843,12.283680511474609],"Velocity":[18.027480529785155,25204.444359375]}},"invertFilter":{"core":{"Internal energy":false,"Temperature":false,"Velocity":false},"mantle":{"Internal energy":false,"Temperature":false,"Velocity":false},"water":{"Internal energy":false,"Temperature":false,"Velocity":false},"atmosphere":{"Internal energy":false,"Temperature":false,"Velocity":false}},"colormapLims":{"core":{"Internal energy":[6.207521842956543,6.853660179138184],"Temperature":[7.6882509460449215,9.284251762390136],"Velocity":[87.11791174316406,3743.61183984375]},"mantle":{"Internal energy":[6.46561376953125,7.717936588287354],"Temperature":[7.6697758903503415,10.157960487365722],"Velocity":[332.7357553710938,9006.2431875]},"water":{"Internal energy":[6.095821784973144,8.196874214172363],"Temperature":[5.930303977966308,11.004934860229492],"Velocity":[76.70902197265625,10409.0390859375]},"atmosphere":{"Internal energy":[5.6112550964355465,11.57911164855957],"Temperature":[3.854876684188843,12.283680511474609],"Velocity":[18.027480529785155,25204.444359375]}},"colormapVals":{"core":{"Internal energy":[6.207521842956543,6.853660179138184],"Temperature":[7.6882509460449215,9.284251762390136],"Velocity":[87.11791174316406,3743.61183984375]},"mantle":{"Internal energy":[6.46561376953125,7.717936588287354],"Temperature":[7.6697758903503415,10.157960487365722],"Velocity":[332.7357553710938,9006.2431875]},"water":{"Internal energy":[6.095821784973144,8.196874214172363],"Temperature":[5.930303977966308,11.004934860229492],"Velocity":[76.70902197265625,10409.0390859375]},"atmosphere":{"Internal energy":[5.6112550964355465,11.57911164855957],"Temperature":[3.854876684188843,12.283680511474609],"Velocity":[18.027480529785155,25204.444359375]}},"showColormap":{"core":false,"mantle":false,"water":false,"atmosphere":false},"colormap":{"core":0.015625,"mantle":0.015625,"water":0.015625,"atmosphere":0.015625},"colormapVariable":{"core":0,"mantle":0,"water":0,"atmosphere":0},"blendingMode":{"core":"additive","mantle":"additive","water":"additive","atmosphere":"additive"},"depthTest":{"core":false,"mantle":false,"water":true,"atmosphere":false},"radiusVariable":{"core":0,"mantle":0,"water":0,"atmosphere":0},"loaded":true}