{"center":[0,0,0],"zmin":0.01,"zmax":50000000000,"camera":[0,-7.617172569190743,2.4444782566322667],"cameraRotation":[1.2602620099856958,0,-1.568929334427013],"cameraUp":[0.9999982245325982,0.00032722116506319476,0.0018557634448455617],"quaternion":[0.5718402145133795,0.4170518729210138,0.4162739662042504,-0.5707735885786492],"startFly":false,"startVR":false,"startColumnDensity":false,"startTween":true,"friction":0.8,"stereo":false,"stereoSep":0.06,"decimate":"1.0","maxVrange":2000,"minPointScale":0.01,"maxPointScale":10,"showFPS":true,"showMemoryUsage":true,"memoryLimit":2000000000,"GUIExcludeList":[],"collapseGUIAtStart":true,"UIparticle":{},"UIdropdown":{},"UIcolorPicker":{},"showParts":{"core":true,"mantle":false,"water":true,"atmosphere":true},"sizeMult":{"core":0.0012,"mantle":0.0007,"water":0.0021,"atmosphere":0.01},"color":{"core":[0.5058823529411764,0.09019607843137255,0.00784313725490196,0.709],"mantle":[0.15294117647058825,0.8666666666666667,0.4235294117647059,1],"water":[0.07058823529411765,0.33725490196078434,0.6666666666666666,1],"atmosphere":[0.5176470588235295,0.5019607843137255,0.796078431372549,0.872]},"plotNmax":{"core":252146,"mantle":1147327,"water":170771,"atmosphere":63990},"showVel":{"core":false,"mantle":false,"water":false,"atmosphere":false},"velType":{"core":"line","mantle":"line","water":"line","atmosphere":"line"},"velVectorWidth":{"core":1,"mantle":1,"water":1,"atmosphere":1},"velGradient":{"core":0,"mantle":0,"water":0,"atmosphere":0},"animateVel":{"core":false,"mantle":false,"water":false,"atmosphere":false},"animateVelDt":{},"animateVelTmax":{},"filterLims":{"core":{"Internal energy":[6.522267269134521,8.119077278137206],"Temperature":[7.929129528045654,10.778217864990234],"Velocity":[0.558991717338562,7858.23683984375]},"mantle":{"Internal energy":[6.583076881408691,8.600586486816406],"Temperature":[7.740565704345703,11.110896659851074],"Velocity":[0.9139048328399658,8643.518578125]},"water":{"Internal energy":[6.243746208190918,8.95187432861328],"Temperature":[5.8777250518798825,13.05177838897705],"Velocity":[1.674199031829834,7813.64406640625]},"atmosphere":{"Internal energy":[5.640816616058349,12.853402687072753],"Temperature":[3.9304348697662355,13.291065765380859],"Velocity":[15.997725891113282,8455.0918203125]}},"filterVals":{"core":{"Internal energy":[6.522267269134521,8.119077278137206],"Temperature":[7.929129528045654,10.778217864990234],"Velocity":[0.558991717338562,7858.23683984375]},"mantle":{"Internal energy":[6.583076881408691,8.600586486816406],"Temperature":[7.740565704345703,11.110896659851074],"Velocity":[0.9139048328399658,8643.518578125]},"water":{"Internal energy":[6.243746208190918,8.95187432861328],"Temperature":[5.8777250518798825,13.05177838897705],"Velocity":[1.674199031829834,7813.64406640625]},"atmosphere":{"Internal energy":[5.640816616058349,12.853402687072753],"Temperature":[3.9304348697662355,13.291065765380859],"Velocity":[15.997725891113282,8455.0918203125]}},"invertFilter":{"core":{"Internal energy":false,"Temperature":false,"Velocity":false},"mantle":{"Internal energy":false,"Temperature":false,"Velocity":false},"water":{"Internal energy":false,"Temperature":false,"Velocity":false},"atmosphere":{"Internal energy":false,"Temperature":false,"Velocity":false}},"colormapLims":{"core":{"Internal energy":[6.522267269134521,8.119077278137206],"Temperature":[7.929129528045654,10.778217864990234],"Velocity":[0.558991717338562,7858.23683984375]},"mantle":{"Internal energy":[6.583076881408691,8.600586486816406],"Temperature":[7.740565704345703,11.110896659851074],"Velocity":[0.9139048328399658,8643.518578125]},"water":{"Internal energy":[6.243746208190918,8.95187432861328],"Temperature":[5.8777250518798825,13.05177838897705],"Velocity":[1.674199031829834,7813.64406640625]},"atmosphere":{"Internal energy":[5.640816616058349,12.853402687072753],"Temperature":[3.9304348697662355,13.291065765380859],"Velocity":[15.997725891113282,8455.0918203125]}},"colormapVals":{"core":{"Internal energy":[6.522267269134521,8.119077278137206],"Temperature":[7.929129528045654,10.778217864990234],"Velocity":[0.558991717338562,7858.23683984375]},"mantle":{"Internal energy":[6.583076881408691,8.600586486816406],"Temperature":[7.740565704345703,11.110896659851074],"Velocity":[0.9139048328399658,8643.518578125]},"water":{"Internal energy":[6.243746208190918,8.95187432861328],"Temperature":[5.8777250518798825,13.05177838897705],"Velocity":[1.674199031829834,7813.64406640625]},"atmosphere":{"Internal energy":[5.640816616058349,12.853402687072753],"Temperature":[3.9304348697662355,13.291065765380859],"Velocity":[15.997725891113282,8455.0918203125]}},"showColormap":{"core":false,"mantle":false,"water":false,"atmosphere":false},"colormap":{"core":0.015625,"mantle":0.015625,"water":0.015625,"atmosphere":0.015625},"colormapVariable":{"core":0,"mantle":0,"water":0,"atmosphere":0},"blendingMode":{"core":"additive","mantle":"subtractive","water":"additive","atmosphere":"additive"},"depthTest":{"core":false,"mantle":true,"water":false,"atmosphere":false},"radiusVariable":{"core":0,"mantle":0,"water":0,"atmosphere":0},"loaded":true}