{"center":[0,0,0],"zmin":0.01,"zmax":50000000000,"camera":[-2.9389262615003573,0,4.045084971899735],"cameraRotation":[0,-0.6283185307211672,3.141592653589793],"cameraUp":[0,-1,0],"quaternion":[0,-0.3090169943764732,0,0.9510565162946578],"startFly":false,"startVR":false,"startColumnDensity":false,"startTween":true,"friction":0.8,"stereo":false,"stereoSep":0.06,"decimate":"1.0","maxVrange":2000,"minPointScale":0.01,"maxPointScale":10,"showFPS":true,"showMemoryUsage":true,"memoryLimit":2000000000,"GUIExcludeList":[],"collapseGUIAtStart":true,"UIparticle":{},"UIdropdown":{},"UIcolorPicker":{},"showParts":{"core":true,"mantle":false,"water":true,"atmosphere":true},"sizeMult":{"core":0.0026,"mantle":0.01,"water":0.0018,"atmosphere":0.0034},"color":{"core":[0.9450980392156862,0.1843137254901961,0.03137254901960784,1],"mantle":[0.1657369095,0.3154666022,0.8675104698,1],"water":[0.043137254901960784,0.30980392156862746,0.7019607843137254,1],"atmosphere":[0.5176470588235295,0.5019607843137255,0.796078431372549,1]},"plotNmax":{"core":538857,"mantle":1262123,"water":456628,"atmosphere":91584},"showVel":{"core":false,"mantle":false,"water":false,"atmosphere":false},"velType":{"core":"line","mantle":"line","water":"line","atmosphere":"line"},"velVectorWidth":{"core":1,"mantle":1,"water":1,"atmosphere":1},"velGradient":{"core":0,"mantle":0,"water":0,"atmosphere":0},"animateVel":{"core":false,"mantle":false,"water":false,"atmosphere":false},"animateVelDt":{},"animateVelTmax":{},"filterLims":{"core":{"Internal energy":[6.165637897491455,7.065255714416504],"Temperature":[7.672120498657226,9.280850959777831],"Velocity":[6.331040786743164,10781.4961171875]},"mantle":{"Internal energy":[6.455705570220947,8.096392227172851],"Temperature":[7.6688417663574215,11.090894294738769],"Velocity":[66.88829748535156,12000.928734375]},"water":{"Internal energy":[6.072024749755859,8.157731605529785],"Temperature":[6.058961318969726,10.473845077514648],"Velocity":[205.98976843261718,17400.440453125]},"atmosphere":{"Internal energy":[5.99373762512207,11.581517768859863],"Temperature":[4.744381355285644,12.122333122253417],"Velocity":[565.332740234375,25694.370140625]}},"filterVals":{"core":{"Internal energy":[6.165637897491455,7.065255714416504],"Temperature":[7.672120498657226,9.280850959777831],"Velocity":[6.331040786743164,10781.4961171875]},"mantle":{"Internal energy":[6.455705570220947,8.096392227172851],"Temperature":[7.6688417663574215,11.090894294738769],"Velocity":[66.88829748535156,12000.928734375]},"water":{"Internal energy":[6.072024749755859,8.157731605529785],"Temperature":[6.058961318969726,10.473845077514648],"Velocity":[205.98976843261718,17400.440453125]},"atmosphere":{"Internal energy":[5.99373762512207,11.581517768859863],"Temperature":[4.744381355285644,12.122333122253417],"Velocity":[565.332740234375,25694.370140625]}},"invertFilter":{"core":{"Internal energy":false,"Temperature":false,"Velocity":false},"mantle":{"Internal energy":false,"Temperature":false,"Velocity":false},"water":{"Internal energy":false,"Temperature":false,"Velocity":false},"atmosphere":{"Internal energy":false,"Temperature":false,"Velocity":false}},"colormapLims":{"core":{"Internal energy":[6.165637897491455,7.065255714416504],"Temperature":[7.672120498657226,9.280850959777831],"Velocity":[6.331040786743164,10781.4961171875]},"mantle":{"Internal energy":[6.455705570220947,8.096392227172851],"Temperature":[7.6688417663574215,11.090894294738769],"Velocity":[66.88829748535156,12000.928734375]},"water":{"Internal energy":[6.072024749755859,8.157731605529785],"Temperature":[6.058961318969726,10.473845077514648],"Velocity":[205.98976843261718,17400.440453125]},"atmosphere":{"Internal energy":[5.99373762512207,11.581517768859863],"Temperature":[4.744381355285644,12.122333122253417],"Velocity":[565.332740234375,25694.370140625]}},"colormapVals":{"core":{"Internal energy":[6.165637897491455,7.065255714416504],"Temperature":[7.672120498657226,9.280850959777831],"Velocity":[6.331040786743164,10781.4961171875]},"mantle":{"Internal energy":[6.455705570220947,8.096392227172851],"Temperature":[7.6688417663574215,11.090894294738769],"Velocity":[66.88829748535156,12000.928734375]},"water":{"Internal energy":[6.072024749755859,8.157731605529785],"Temperature":[6.058961318969726,10.473845077514648],"Velocity":[205.98976843261718,17400.440453125]},"atmosphere":{"Internal energy":[5.99373762512207,11.581517768859863],"Temperature":[4.744381355285644,12.122333122253417],"Velocity":[565.332740234375,25694.370140625]}},"showColormap":{"core":false,"mantle":false,"water":false,"atmosphere":false},"colormap":{"core":0.015625,"mantle":0.015625,"water":0.015625,"atmosphere":0.015625},"colormapVariable":{"core":0,"mantle":0,"water":0,"atmosphere":0},"blendingMode":{"core":"additive","mantle":"additive","water":"additive","atmosphere":"additive"},"depthTest":{"core":true,"mantle":false,"water":false,"atmosphere":true},"radiusVariable":{"core":0,"mantle":0,"water":0,"atmosphere":0},"loaded":true}